phenotype,rsid,gene,genotype,effect
BMI,rs9939609,FTO,TT,0
BMI,rs9939609,FTO,AT,1.25
BMI,rs9939609,FTO,AA,2.5
BMI,rs6548238,TMEM18,TT,0
BMI,rs6548238,TMEM18,CT,1.19
BMI,rs6548238,TMEM18,CC,2.38
BMI,rs17782313,MC4R,TT,0
BMI,rs17782313,MC4R,CT,1.15
BMI,rs17782313,MC4R,CC,2.5
BMI,rs10938397,GNPDA2,AA,0
BMI,rs10938397,GNPDA2,AG,1.12
BMI,rs10938397,GNPDA2,GG,2.24
BMI,rs7498665,SH2B1,AA,0
BMI,rs7498665,SH2B1,AG,1.11
BMI,rs7498665,SH2B1,GG,2.22
BMI,rs10838738,MTCH2,AA,0
BMI,rs10838738,MTCH2,AG,1.03
BMI,rs10838738,MTCH2,GG,2.06
BMI,rs11084753,KCTD15,AA,0
BMI,rs11084753,KCTD15,AG,1.04
BMI,rs11084753,KCTD15,GG,2.08
BMI,rs2815752,NEGR1,GG,0
BMI,rs2815752,NEGR1,AG,1.05
BMI,rs2815752,NEGR1,AA,2.1
T2D,rs560887,G6PC2,TT,0
T2D,rs560888,G6PC3,CT,0.97
T2D,rs560889,G6PC4,CC,1.94
T2D,rs10830963,MTNR1B,CC,0
T2D,rs10830964,MTNR1B,CG,1.09
T2D,rs10830965,MTNR1B,GG,2.18
T2D,rs14607517,GCK,AA,0
T2D,rs14607518,GCK,AG,1.07
T2D,rs14607519,GCK,GG,2.14
T2D,rs2191349,DGKB/TMEM195,GG,0
T2D,rs2191350,DGKB/TMEM196,GT,1.06
T2D,rs2191351,DGKB/TMEM197,TT,2.18
T2D,rs780094,GCKR,TT,0
T2D,rs780095,GCKR,CT,1.06
T2D,rs780096,GCKR,CC,2.12
T2D,rs11708067,ADCY5,GG,0
T2D,rs11708068,ADCY6,AG,1.12
T2D,rs11708069,ADCY7,AA,2.24
T2D,rs7944584,MADD,TT,0
T2D,rs7944585,MADD,AT,1.01
T2D,rs7944586,MADD,AA,2.02
T2D,rs10885122,ADRA2A,TT,0
T2D,rs10885123,ADRA2A,GT,1.04
T2D,rs10885124,ADRA2A,GG,2.08
T2D,rs174550,FADS1,CC,0
T2D,rs174551,FADS2,CT,1.04
T2D,rs174552,FADS3,TT,2.08
T2D,rs11605924,CRY2,CC,0
T2D,rs11605925,CRY3,AC,1.04
T2D,rs11605926,CRY4,AA,2.08
T2D,rs11920090,SLC2A2,AA,0
T2D,rs11920091,SLC2A3,AT,1.01
T2D,rs11920092,SLC2A4,TT,2.02
T2D,rs7034200,GLIS3,CC,0
T2D,rs7034201,GLIS4,AC,1.03
T2D,rs7034202,GLIS5,AA,2.06
T2D,rs340874,PROX1,TT,0
T2D,rs340875,PROX2,CT,1.07
T2D,rs340876,PROX3,CC,2.14
T2D,rs11071657,FAM148B,GG,0
T2D,rs11071658,FAM148B,AG,1.03
T2D,rs11071659,FAM148B,AA,2.06
T2D,rs13266634,SLC30A8,TT,0
T2D,rs13266635,SLC30A9,CT,1.15
T2D,rs13266636,SLC30A10,CC,2.3
T2D,rs7903146,TCF7L2,CC,0
T2D,rs7903147,TCF7L3,CT,1.4
T2D,rs7903148,TCF7L4,TT,2.8
T2D,rs35767,IGF1,AA,0
T2D,rs35768,IGF2,AG,1.04
T2D,rs35769,IGF3,GG,2.08
